ID;Área;Equipamento;QT_UN_APREENDIDAS;QT_UN_LACRADAS;QT_UN_RETIDAS;Valor Estimado;QT_UN_RETIRADAS;Mês;Data;DT_EXTRACAO;Ano
36246;4-Aduana;Outros;;42014;;252084,00;42014;dez;18/12/2020;28/12/2021;2020
26307;4-Aduana;Equipamento de Radiação Restrita;;27;;13500,00;27;dez;18/12/2020;28/12/2021;2020
36246;4-Aduana;Bloqueador de sinal (Jammer);;8;;8000,00;8;dez;18/12/2020;28/12/2021;2020
36246;4-Aduana;Decodificador de sinal para SeAC;;12;;6000,00;12;dez;18/12/2020;28/12/2021;2020
26307;4-Aduana;Bloqueador de sinal (Jammer);;23;;23000,00;23;dez;18/12/2020;28/12/2021;2020
42728;4-Aduana;SmartTV Box;25000;;;7500000,00;25000;out;25/10/2020;28/12/2021;2020
26307;4-Aduana;Outros;;10220;;112500,00;10220;dez;18/12/2020;28/12/2021;2020
75654;3-E-commerce;Outros;;2144;;361281,00;2144;nov;21/11/2021;28/12/2021;2021
75654;3-E-commerce;Outros;;3910;;492948,38;3910;nov;21/11/2021;28/12/2021;2021
74595;4-Aduana;SmartTV Box;;;4800;1440000,00;4800;set;28/09/2021;28/12/2021;2021
75654;3-E-commerce;Outros;;3876;;455806,11;3876;nov;21/11/2021;28/12/2021;2021
40168;2-Provedores de SCM;Equipamento de Rede de Dados;1;4;;5000,00;5;out;05/10/2021;28/12/2021;2021
36246;4-Aduana;SmartTV Box;;122;;36600,00;122;dez;18/12/2020;28/12/2021;2020
40168;2-Provedores de SCM;Equipamento óptico;190;1;;4000,00;191;out;05/10/2021;28/12/2021;2021
39736;1-Comércio;Equipamento de Radiação Restrita;;1;;200000,00;1;jun;22/06/2021;28/12/2021;2021
42422;1-Comércio;Celular e acessórios;;15143;;181716,00;15143;dez;18/12/2020;28/12/2021;2020
42377;4-Aduana;Equipamento de Radiação Restrita;2000;;;280000,00;2000;out;25/10/2020;28/12/2021;2020
42422;1-Comércio;SmartTV Box;;35;;9800,00;35;dez;18/12/2020;28/12/2021;2020
44283;4-Aduana;SmartTV Box;;500;;150000,00;500;dez;13/12/2020;28/12/2021;2020
42377;4-Aduana;SmartTV Box;4000;;;1200000,00;4000;out;25/10/2020;28/12/2021;2020
44167;1-Comércio;Celular e acessórios;;6274;;94000,00;6274;dez;16/12/2020;28/12/2021;2020
71997;4-Aduana;Outros;15;;;;15;jul;26/07/2021;28/12/2021;2021
36246;4-Aduana;Reforçador de sinal;;23;;11500,00;23;dez;18/12/2020;28/12/2021;2020
36246;4-Aduana;Celular e acessórios;;37;;37000,00;37;dez;18/12/2020;28/12/2021;2020
48904;4-Aduana;SmartTV Box;;;9;4500,00;9;set;01/09/2021;28/12/2021;2021
36246;4-Aduana;Outros;;4415;;445500,00;4415;dez;18/12/2020;28/12/2021;2020
42074;4-Aduana;Equipamento de Radiação Restrita;12490;;;3747000,00;12490;out;23/10/2020;28/12/2021;2020
36246;4-Aduana;Equipamento de Radiação Restrita;;1537;;458100,00;1537;dez;18/12/2020;28/12/2021;2020
42074;4-Aduana;SmartTV Box;6500;;;2400000,00;6500;out;23/10/2020;28/12/2021;2020
36246;4-Aduana;Cabo Óptico;;27;;13500,00;27;dez;18/12/2020;28/12/2021;2020
48906;4-Aduana;Equipamento de Rede de Dados;;;5;5000,00;5;nov;03/11/2021;28/12/2021;2021
48906;4-Aduana;Equipamento de Radiação Restrita;;;217;36000,00;217;nov;03/11/2021;28/12/2021;2021
48906;4-Aduana;SmartTV Box;;;50;10000,00;50;nov;03/11/2021;28/12/2021;2021
48906;4-Aduana;Outros;;;10;4000,00;10;nov;03/11/2021;28/12/2021;2021
48906;4-Aduana;Equipamento óptico;;;574;24500,00;574;nov;03/11/2021;28/12/2021;2021
48906;4-Aduana;Reforçador de sinal;;;1;500,00;1;nov;03/11/2021;28/12/2021;2021
48905;4-Aduana;Reforçador de sinal;;;1;500,00;1;set;29/09/2021;28/12/2021;2021
48905;4-Aduana;Equipamento de Radiação Restrita;;;437;132400,00;437;set;29/09/2021;28/12/2021;2021
48905;4-Aduana;SmartTV Box;;;41;12300,00;41;set;29/09/2021;28/12/2021;2021
48904;4-Aduana;Outros;;;15;5800,00;15;set;01/09/2021;28/12/2021;2021
48905;4-Aduana;Equipamento óptico;;;737;25700,00;737;set;29/09/2021;28/12/2021;2021
48905;4-Aduana;Outros;;;13;8000,00;13;set;29/09/2021;28/12/2021;2021
50054;4-Aduana;Equipamento de Radiação Restrita;;;6000;180000,00;6000;fev;22/02/2021;28/12/2021;2021
48905;4-Aduana;Bloqueador de sinal (Jammer);;;1;6000,00;1;set;29/09/2021;28/12/2021;2021
51016;4-Aduana;Equipamento de Radiação Restrita;;;10500;2100000,00;10500;fev;22/02/2021;28/12/2021;2021
61031;4-Aduana;Decodificador de sinal para SeAC;;;17000;8500000,00;17000;jun;14/06/2021;28/12/2021;2021
71106;4-Aduana;SmartTV Box;;;1000;300000,00;1000;jun;21/06/2021;28/12/2021;2021
60562;4-Aduana;SmartTV Box;;;1500;450000,00;1500;jun;03/06/2021;28/12/2021;2021
71267;4-Aduana;SmartTV Box;;;40000;12000000,00;40000;jun;21/06/2021;28/12/2021;2021
71865;4-Aduana;SmartTV Box;12978;;;15441480,00;12978;jul;19/07/2021;28/12/2021;2021
55787;4-Aduana;Decodificador de sinal para SeAC;;;150;22500,00;150;mai;14/05/2021;28/12/2021;2021
71269;4-Aduana;Equipamento de Radiação Restrita;;;10000;975000,00;10000;jun;22/06/2021;28/12/2021;2021
53251;4-Aduana;SmartTV Box;;;198;59400,00;198;mai;03/05/2021;28/12/2021;2021
71997;4-Aduana;Equipamento de Rede de Dados;3;;;;3;jul;26/07/2021;28/12/2021;2021
51018;4-Aduana;SmartTV Box;;;1080;324000,00;1080;mar;01/03/2021;28/12/2021;2021
50054;4-Aduana;Equipamento de Radiação Restrita;;;15000;450000,00;15000;fev;22/02/2021;28/12/2021;2021
51018;4-Aduana;Equipamento de Radiação Restrita;;;500;75000,00;500;mar;01/03/2021;28/12/2021;2021
51905;4-Aduana;Equipamento de Radiação Restrita;;36750;;1522500,00;36750;abr;12/04/2021;28/12/2021;2021
50054;4-Aduana;Equipamento de Radiação Restrita;;;2500;87500,00;2500;fev;22/02/2021;28/12/2021;2021
51161;4-Aduana;SmartTV Box;;;30000;7500000,00;30000;fev;23/02/2021;28/12/2021;2021
36246;4-Aduana;Equipamento de Rede de Dados;;232;;116000,00;232;dez;18/12/2020;28/12/2021;2020
48907;4-Aduana;Outros;;;8;4000,00;8;nov;30/11/2021;28/12/2021;2021
48907;4-Aduana;SmartTV Box;;;6;1800,00;6;nov;30/11/2021;28/12/2021;2021
50060;4-Aduana;SmartTV Box;;;1000;300000,00;1000;mar;11/03/2021;28/12/2021;2021
73470;4-Aduana;SmartTV Box;;;14342;16222220,00;14342;ago;23/08/2021;28/12/2021;2021
48907;4-Aduana;Equipamento de Radiação Restrita;;;130;17200,00;130;nov;30/11/2021;28/12/2021;2021
42817;4-Aduana;SmartTV Box;16560;;;4968000,00;16560;nov;03/11/2020;28/12/2021;2020
48907;4-Aduana;Celulares;;;3;3000,00;3;nov;30/11/2021;28/12/2021;2021
48903;4-Aduana;Equipamento de Radiação Restrita;;;188;53700,00;188;ago;04/08/2021;28/12/2021;2021
48903;4-Aduana;Outros;;;11;2800,00;11;ago;04/08/2021;28/12/2021;2021
48903;4-Aduana;Outros;;;70;21300,00;70;ago;04/08/2021;28/12/2021;2021
48907;4-Aduana;Equipamento de Rede de Dados;;;3;900,00;3;nov;30/11/2021;28/12/2021;2021
48907;4-Aduana;Equipamento óptico;;;341;15500,00;341;nov;30/11/2021;28/12/2021;2021
60102;4-Aduana;Equipamento óptico;;;400;136000,00;400;jun;12/06/2021;28/12/2021;2021
48907;4-Aduana;Cabo Óptico;;;1;200,00;1;nov;30/11/2021;28/12/2021;2021
74785;4-Aduana;Decodificador de sinal para SeAC;;;5995;4106575,00;5995;set;27/09/2021;28/12/2021;2021
77694;4-Aduana;Decodificador de sinal para SeAC;;;18000;9000000,00;18000;nov;29/11/2021;28/12/2021;2021
75539;4-Aduana;Decodificador de sinal para SeAC;;;14920;10444000,00;14920;out;13/10/2021;28/12/2021;2021
77966;4-Aduana;SmartTV Box;;;400;120000,00;400;dez;09/12/2021;28/12/2021;2021
78188;4-Aduana;Decodificador de sinal para SeAC;;;13480;7000000,00;13480;dez;24/12/2021;28/12/2021;2021
74964;1-Comércio;Outros;40;39;;80000,00;79;dez;06/12/2021;28/12/2021;2021
77968;4-Aduana;Decodificador de sinal para SeAC;;;18000;9000000,00;18000;dez;09/12/2021;28/12/2021;2021
48903;4-Aduana;Equipamento de Rede de Dados;;;7;2100,00;7;ago;04/08/2021;28/12/2021;2021
71460;2-Provedores de SCM;Equipamento de Rede de Dados;2;;;3000,00;2;jul;23/07/2021;28/12/2021;2021
72026;4-Aduana;Decodificador de sinal para SeAC;155;;;70000,00;155;jul;23/07/2021;28/12/2021;2021
60610;4-Aduana;SmartTV Box;;;1000;300000,00;1000;jun;08/06/2021;28/12/2021;2021
72026;4-Aduana;SmartTV Box;5;;;3000,00;5;jul;23/07/2021;28/12/2021;2021
74647;4-Aduana;Decodificador de sinal para SeAC;;;5998;7797400,00;5998;set;27/09/2021;28/12/2021;2021
60105;4-Aduana;Equipamento óptico;;;1000;120000,00;1000;jun;12/06/2021;28/12/2021;2021
72028;4-Aduana;Decodificador de sinal para SeAC;;;1019;764250,00;1019;ago;02/08/2021;28/12/2021;2021
50960;4-Aduana;SmartTV Box;;;960;1152000,00;960;fev;21/02/2021;28/12/2021;2021
44280;4-Aduana;SmartTV Box;;2000;;600000,00;2000;dez;13/12/2020;28/12/2021;2020
44260;1-Comércio;Celular e acessórios;;1241;;18615,00;1241;dez;18/12/2020;28/12/2021;2020
48864;4-Aduana;Equipamento de Radiação Restrita;;;1;2000,00;1;jan;31/01/2021;28/12/2021;2021
48879;4-Aduana;Equipamento óptico;;;75;7500,00;75;ago;04/08/2021;28/12/2021;2021
44256;4-Aduana;Outros;;3000;;900000,00;3000;dez;13/12/2020;28/12/2021;2020
48864;4-Aduana;;;;375;9375,00;375;jan;31/01/2021;28/12/2021;2021
44001;1-Comércio;Equipamento óptico;;212250;;1544200,00;212250;jun;03/06/2021;28/12/2021;2021
43188;4-Aduana;SmartTV Box;8750;;;2625000,00;8750;nov;17/11/2020;28/12/2021;2020
43892;4-Aduana;SmartTV Box;1800;;;540000,00;1800;dez;04/12/2020;28/12/2021;2020
43185;4-Aduana;SmartTV Box;600;;;180000,00;600;nov;17/11/2020;28/12/2021;2020
43968;4-Aduana;SmartTV Box;4000;;;1200000,00;4000;dez;07/12/2020;28/12/2021;2020
43968;4-Aduana;Equipamento de Radiação Restrita;2800;;;518000,00;2800;dez;07/12/2020;28/12/2021;2020
48879;4-Aduana;Antena;;;4;800,00;4;ago;04/08/2021;28/12/2021;2021
43968;4-Aduana;Outros;1500;;;285000,00;1500;dez;07/12/2020;28/12/2021;2020
48890;4-Aduana;Equipamento de Radiação Restrita;;;1;1000,00;1;nov;30/11/2021;28/12/2021;2021
48899;4-Aduana;Equipamento óptico;;1168;;25400,00;1168;abr;05/04/2021;28/12/2021;2021
48899;4-Aduana;SmartTV Box;;4;;1200,00;4;abr;05/04/2021;28/12/2021;2021
48897;4-Aduana;Reforçador de sinal;;;1;500,00;1;jan;31/01/2021;28/12/2021;2021
48899;4-Aduana;Equipamento de Radiação Restrita;;170;;17000,00;170;abr;05/04/2021;28/12/2021;2021
48903;4-Aduana;Equipamento óptico;;;654;20000,00;654;ago;04/08/2021;28/12/2021;2021
48897;4-Aduana;Decodificador de sinal para SeAC;;;3;900,00;3;jan;31/01/2021;28/12/2021;2021
48899;4-Aduana;Equipamento de Rede de Dados;;3;;1500,00;3;abr;05/04/2021;28/12/2021;2021
48897;4-Aduana;Equipamento de Rede de Dados;;;1;2000,00;1;jan;31/01/2021;28/12/2021;2021
48903;4-Aduana;Bloqueador de sinal (Jammer);;;1;8000,00;1;ago;04/08/2021;28/12/2021;2021
48896;4-Aduana;SmartTV Box;;;600;180000,00;600;jan;19/01/2021;28/12/2021;2021
48884;4-Aduana;Equipamento de Radiação Restrita;;;4;8000,00;4;out;01/10/2021;28/12/2021;2021
48897;4-Aduana;SmartTV Box;;;11;3300,00;11;jan;31/01/2021;28/12/2021;2021
48897;4-Aduana;Equipamento óptico;;;935;13900,00;935;jan;31/01/2021;28/12/2021;2021
48879;4-Aduana;Bloqueador de sinal (Jammer);;;2;10000,00;2;ago;04/08/2021;28/12/2021;2021
48897;4-Aduana;Equipamento de Radiação Restrita;;;200;20000,00;200;jan;31/01/2021;28/12/2021;2021
50054;4-Aduana;Equipamento de Radiação Restrita;;;2000;60000,00;2000;fev;22/02/2021;28/12/2021;2021
48898;4-Aduana;Equipamento óptico;;;1376;26000,00;1376;mar;01/03/2021;28/12/2021;2021
42815;4-Aduana;Equipamento de Radiação Restrita;18888;;;944400,00;18888;nov;08/11/2020;28/12/2021;2020
48866;4-Aduana;Reforçador de sinal;;1;;1000,00;1;mar;01/03/2021;28/12/2021;2021
42815;4-Aduana;SmartTV Box;38798;;;11639400,00;38798;nov;08/11/2020;28/12/2021;2020
37870;1-Comércio;Celulares;43;;;8600,00;43;out;08/10/2021;28/12/2021;2021
48893;4-Aduana;SmartTV Box;;;4;1200,00;4;dez;23/12/2021;28/12/2021;2021
42768;4-Aduana;SmartTV Box;8000;;;2400000,00;8000;nov;03/11/2020;28/12/2021;2020
48866;4-Aduana;Equipamento de Radiação Restrita;;103;;10300,00;103;mar;01/03/2021;28/12/2021;2021
43705;1-Comércio;SmartTV Box;;2;;695,00;2;dez;10/12/2020;28/12/2021;2020
42072;4-Aduana;SmartTV Box;6000;;;1800000,00;6000;out;21/10/2020;28/12/2021;2020
43705;1-Comércio;Outros;;725;;217500,00;725;dez;10/12/2020;28/12/2021;2020
48893;4-Aduana;Outros;;;50;5000,00;50;dez;23/12/2021;28/12/2021;2021
39030;1-Comércio;Outros;8;;;5000,00;8;set;14/09/2021;28/12/2021;2021
42569;1-Comércio;Equipamento óptico;;4100;;19680,00;4100;mai;26/05/2021;28/12/2021;2021
48898;4-Aduana;Equipamento de Radiação Restrita;;;101;23500,00;101;mar;01/03/2021;28/12/2021;2021
48898;4-Aduana;Equipamento de Rede de Dados;;;1;500,00;1;mar;01/03/2021;28/12/2021;2021
48881;4-Aduana;Equipamento de Radiação Restrita;;;1;1000,00;1;ago;30/08/2021;28/12/2021;2021
42539;4-Aduana;SmartTV Box;27240;;;8172000,00;27240;nov;03/11/2020;28/12/2021;2020
42537;4-Aduana;SmartTV Box;960;;;1152000,00;960;nov;03/11/2020;28/12/2021;2020
48898;4-Aduana;SmartTV Box;;;2;1000,00;2;mar;01/03/2021;28/12/2021;2021
48875;4-Aduana;Equipamento de Rede de Dados;;;5;2500,00;5;jun;02/06/2021;28/12/2021;2021
48875;4-Aduana;Reforçador de sinal;;;50;20000,00;50;jun;02/06/2021;28/12/2021;2021
48881;4-Aduana;Equipamento óptico;;;50;5000,00;50;ago;30/08/2021;28/12/2021;2021
48904;4-Aduana;Bloqueador de sinal (Jammer);;;2;14000,00;2;set;01/09/2021;28/12/2021;2021
48875;4-Aduana;Equipamento de Radiação Restrita;;;266;47000,00;266;jun;02/06/2021;28/12/2021;2021
48875;4-Aduana;Equipamento óptico;;;40;4000,00;40;jun;02/06/2021;28/12/2021;2021
48868;4-Aduana;Equipamento de Radiação Restrita;;1;;500,00;1;abr;05/04/2021;28/12/2021;2021
42569;1-Comércio;Equipamento óptico;;1000;;4743,70;1000;mai;26/05/2021;28/12/2021;2021
42568;1-Comércio;Equipamento de Radiação Restrita;;;27;17550,00;27;mar;01/03/2021;28/12/2021;2021
48898;4-Aduana;;;;1;1000,00;1;mar;01/03/2021;28/12/2021;2021
42568;1-Comércio;Equipamento de Radiação Restrita;;;17;5100,00;17;mar;01/03/2021;28/12/2021;2021
42569;1-Comércio;Equipamento óptico;;2;;183,72;2;mai;26/05/2021;28/12/2021;2021
48900;4-Aduana;Equipamento de Radiação Restrita;;;134;67000,00;134;mai;05/05/2021;28/12/2021;2021
48902;4-Aduana;SmartTV Box;;;15;4500,00;15;jul;05/07/2021;28/12/2021;2021
48893;4-Aduana;Equipamento óptico;;;20;2000,00;20;dez;23/12/2021;28/12/2021;2021
48902;4-Aduana;Equipamento de Radiação Restrita;;;125;28200,00;125;jul;05/07/2021;28/12/2021;2021
48900;4-Aduana;Outros;;;2;1000,00;2;mai;05/05/2021;28/12/2021;2021
48900;4-Aduana;Equipamento de Rede de Dados;;;5;1000,00;5;mai;05/05/2021;28/12/2021;2021
48901;4-Aduana;Equipamento óptico;;;2929;53300,00;2929;mai;31/05/2021;28/12/2021;2021
48902;4-Aduana;Outros;;;31;13500,00;31;jul;05/07/2021;28/12/2021;2021
44278;4-Aduana;SmartTV Box;;2;;600,00;2;dez;13/12/2020;28/12/2021;2020
48901;4-Aduana;SmartTV Box;;;7;2100,00;7;mai;31/05/2021;28/12/2021;2021
48901;4-Aduana;Equipamento de Rede de Dados;;;1;2000,00;1;mai;31/05/2021;28/12/2021;2021
48901;4-Aduana;Outros;;;4;2000,00;4;mai;31/05/2021;28/12/2021;2021
48901;4-Aduana;Reforçador de sinal;;;1;500,00;1;mai;31/05/2021;28/12/2021;2021
73189;4-Aduana;Decodificador de sinal para SeAC;;;20000;10000000,00;20000;ago;23/08/2021;28/12/2021;2021
48902;4-Aduana;Equipamento de Rede de Dados;;;3;3000,00;3;jul;05/07/2021;28/12/2021;2021
48901;4-Aduana;Equipamento de Radiação Restrita;;;418;94500,00;418;mai;31/05/2021;28/12/2021;2021
48902;4-Aduana;Equipamento óptico;;;605;15300,00;605;jul;05/07/2021;28/12/2021;2021
48904;4-Aduana;Equipamento de Radiação Restrita;;;122;30400,00;122;set;01/09/2021;28/12/2021;2021
48902;4-Aduana;Decodificador de sinal para SeAC;;;2;600,00;2;jul;05/07/2021;28/12/2021;2021
44101;4-Aduana;Equipamento de Radiação Restrita;13350;;;2775000,00;13350;dez;07/12/2020;28/12/2021;2020
48900;4-Aduana;SmartTV Box;;;12;3600,00;12;mai;05/05/2021;28/12/2021;2021
48904;4-Aduana;Equipamento óptico;;;69;8500,00;69;set;01/09/2021;28/12/2021;2021
44098;4-Aduana;SmartTV Box;5000;;;1500000,00;5000;dez;07/12/2020;28/12/2021;2020
43997;1-Comércio;Outros;;67;;95000,00;67;out;19/10/2021;28/12/2021;2021
48900;4-Aduana;Bloqueador de sinal (Jammer);;;1;8000,00;1;mai;05/05/2021;28/12/2021;2021
48902;4-Aduana;Antena;;;1;300,00;1;jul;05/07/2021;28/12/2021;2021
48900;4-Aduana;Equipamento óptico;;;464;9200,00;464;mai;05/05/2021;28/12/2021;2021
44103;4-Aduana;Decodificador de sinal para SeAC;20000;;;10000000,00;20000;dez;06/12/2020;28/12/2021;2020
48439;4-Aduana;;;;2;10000,00;2;jan;28/01/2021;28/12/2021;2021
48439;4-Aduana;Equipamento de Rede de Dados;;;16;39100,00;16;jan;28/01/2021;28/12/2021;2021
48439;4-Aduana;SmartTV Box;;;1;1500,00;1;jan;28/01/2021;28/12/2021;2021
71462;4-Aduana;SmartTV Box;;;400;80000,00;400;jul;14/07/2021;28/12/2021;2021
71459;4-Aduana;SmartTV Box;;;4000;800000,00;4000;jul;14/07/2021;28/12/2021;2021
48439;4-Aduana;Outros;;;27;102500,00;27;jan;28/01/2021;28/12/2021;2021
71462;4-Aduana;SmartTV Box;;;400;80000,00;400;jul;14/07/2021;28/12/2021;2021
71457;4-Aduana;SmartTV Box;;;18000;3600000,00;18000;jul;14/07/2021;28/12/2021;2021
71450;4-Aduana;SmartTV Box;;;800;160000,00;800;jul;14/07/2021;28/12/2021;2021
71445;4-Aduana;SmartTV Box;;;1200;240000,00;1200;jul;14/07/2021;28/12/2021;2021
71450;4-Aduana;SmartTV Box;;;1200;240000,00;1200;jul;14/07/2021;28/12/2021;2021
71445;4-Aduana;SmartTV Box;;;1200;240000,00;1200;jul;14/07/2021;28/12/2021;2021
71445;4-Aduana;SmartTV Box;;;7000;1400000,00;7000;jul;14/07/2021;28/12/2021;2021
71450;4-Aduana;SmartTV Box;;;800;160000,00;800;jul;14/07/2021;28/12/2021;2021
71445;4-Aduana;SmartTV Box;;;14600;2920000,00;14600;jul;14/07/2021;28/12/2021;2021
71450;4-Aduana;SmartTV Box;;;800;160000,00;800;jul;14/07/2021;28/12/2021;2021
71457;4-Aduana;SmartTV Box;;;400;80000,00;400;jul;14/07/2021;28/12/2021;2021
71457;4-Aduana;SmartTV Box;;;800;160000,00;800;jul;14/07/2021;28/12/2021;2021
71443;4-Aduana;SmartTV Box;;;2000;400000,00;2000;jul;14/07/2021;28/12/2021;2021
71457;4-Aduana;SmartTV Box;;;1600;320000,00;1600;jul;14/07/2021;28/12/2021;2021
71457;4-Aduana;SmartTV Box;;;12000;2400000,00;12000;jul;14/07/2021;28/12/2021;2021
71459;4-Aduana;SmartTV Box;;;2000;400000,00;2000;jul;14/07/2021;28/12/2021;2021
73587;4-Aduana;SmartTV Box;;;5600;1680000,00;5600;ago;25/08/2021;28/12/2021;2021
71443;4-Aduana;SmartTV Box;;;2800;560000,00;2800;jul;14/07/2021;28/12/2021;2021
74163;4-Aduana;SmartTV Box;;;9360;2808000,00;9360;set;22/09/2021;28/12/2021;2021
73583;4-Aduana;SmartTV Box;;;11200;3360000,00;11200;ago;25/08/2021;28/12/2021;2021
48216;4-Aduana;SmartTV Box;;;4000;1200000,00;4000;jan;05/01/2021;28/12/2021;2021
73175;4-Aduana;Outros;;;11;14650,00;11;set;01/09/2021;28/12/2021;2021
73175;4-Aduana;SmartTV Box;;;21;5650,00;21;set;01/09/2021;28/12/2021;2021
48837;4-Aduana;SmartTV Box;;;4000;1200000,00;4000;jan;20/01/2021;28/12/2021;2021
39986;4-Aduana;SmartTV Box;;38000;;11400000,00;38000;ago;29/08/2020;28/12/2021;2020
73585;4-Aduana;SmartTV Box;;;51200;15360000,00;51200;ago;25/08/2021;28/12/2021;2021
41518;4-Aduana;SmartTV Box;;;4200;1260000,00;4200;fev;17/02/2021;28/12/2021;2021
41522;4-Aduana;SmartTV Box;;2000;;600000,00;2000;mai;27/05/2021;28/12/2021;2021
73850;4-Aduana;SmartTV Box;;;18400;5520000,00;18400;ago;25/08/2021;28/12/2021;2021
44230;4-Aduana;SmartTV Box;;;9200;2760000,00;9200;fev;16/02/2021;28/12/2021;2021
36899;4-Aduana;Equipamento óptico;;212;;23115,00;212;dez;28/12/2020;28/12/2021;2020
44231;4-Aduana;SmartTV Box;;;1600;480000,00;1600;fev;16/02/2021;28/12/2021;2021
71486;4-Aduana;Equipamento de Rede de Dados;;;8;2180,00;8;jun;29/06/2021;28/12/2021;2021
36899;4-Aduana;Outros;;330;;98900,00;330;dez;28/12/2020;28/12/2021;2020
36899;4-Aduana;Equipamento de Rede de Dados;;13;;25600,00;13;dez;28/12/2020;28/12/2021;2020
36899;4-Aduana;SmartTV Box;;1;;1300,00;1;dez;28/12/2020;28/12/2021;2020
80663;4-Aduana;SmartTV Box;;;31;5980,00;31;dez;24/12/2021;28/12/2021;2021
36899;4-Aduana;Celular e acessórios;;2;;3100,00;2;dez;28/12/2020;28/12/2021;2020
36899;4-Aduana;Antena;;4;;;4;dez;28/12/2020;28/12/2021;2020
71443;4-Aduana;SmartTV Box;;;1200;240000,00;1200;jul;14/07/2021;28/12/2021;2021
74161;4-Aduana;SmartTV Box;;;1600;480000,00;1600;set;22/09/2021;28/12/2021;2021
74161;4-Aduana;SmartTV Box;;;4800;1440000,00;4800;set;22/09/2021;28/12/2021;2021
74161;4-Aduana;SmartTV Box;;;3920;1176000,00;3920;set;22/09/2021;28/12/2021;2021
74161;4-Aduana;SmartTV Box;;;2420;726000,00;2420;set;22/09/2021;28/12/2021;2021
72092;4-Aduana;Outros;;;1;700,00;1;ago;02/08/2021;28/12/2021;2021
73567;4-Aduana;SmartTV Box;;;8000;2400000,00;8000;ago;25/08/2021;28/12/2021;2021
74172;4-Aduana;SmartTV Box;;;1320;396000,00;1320;set;22/09/2021;28/12/2021;2021
71454;4-Aduana;SmartTV Box;;;2000;400000,00;2000;jul;14/07/2021;28/12/2021;2021
72092;4-Aduana;Equipamento de Rede de Dados;;;3;19500,00;3;ago;02/08/2021;28/12/2021;2021
71454;4-Aduana;SmartTV Box;;;1120;224000,00;1120;jul;14/07/2021;28/12/2021;2021
76792;4-Aduana;SmartTV Box;;;2000;600000,00;2000;nov;30/11/2021;28/12/2021;2021
76792;4-Aduana;SmartTV Box;;;2000;600000,00;2000;nov;30/11/2021;28/12/2021;2021
74174;4-Aduana;SmartTV Box;;;5000;1500000,00;5000;set;22/09/2021;28/12/2021;2021
74170;4-Aduana;SmartTV Box;;;6600;1980000,00;6600;set;22/09/2021;28/12/2021;2021
74176;4-Aduana;SmartTV Box;;;927;278100,00;927;set;22/09/2021;28/12/2021;2021
71454;4-Aduana;SmartTV Box;;;2080;416000,00;2080;jul;14/07/2021;28/12/2021;2021
71486;4-Aduana;Outros;;;9;30380,00;9;jun;29/06/2021;28/12/2021;2021
80663;4-Aduana;Outros;;;24;10600,00;24;dez;24/12/2021;28/12/2021;2021
71464;4-Aduana;SmartTV Box;;;2000;400000,00;2000;jul;14/07/2021;28/12/2021;2021
71464;4-Aduana;SmartTV Box;;;4000;800000,00;4000;jul;14/07/2021;28/12/2021;2021
71454;4-Aduana;SmartTV Box;;;600;120000,00;600;jul;14/07/2021;28/12/2021;2021
76793;4-Aduana;Celulares;;;1;1000,00;1;nov;30/11/2021;28/12/2021;2021
49965;4-Aduana;Equipamento de Rede de Dados;;;17;33800,00;17;fev;25/02/2021;28/12/2021;2021
76793;4-Aduana;Outros;;;12;45750,00;12;nov;30/11/2021;28/12/2021;2021
54792;4-Aduana;Outros;;;3000;300000,00;3000;mai;05/05/2021;28/12/2021;2021
54794;4-Aduana;Carregadores de Baterias;;;7400;150000,00;7400;jul;29/07/2021;28/12/2021;2021
54792;4-Aduana;Outros;;;3000;240000,00;3000;mai;05/05/2021;28/12/2021;2021
54794;4-Aduana;Reforçador de sinal;;;3000;150000,00;3000;jul;29/07/2021;28/12/2021;2021
71447;4-Aduana;SmartTV Box;;;2760;552000,00;2760;jul;14/07/2021;28/12/2021;2021
41526;4-Aduana;Equipamento de Radiação Restrita;;;7000;280000,00;7000;ago;05/08/2021;28/12/2021;2021
54795;4-Aduana;SmartTV Box;;;1200;240000,00;1200;jul;29/07/2021;28/12/2021;2021
54794;4-Aduana;Equipamento de Radiação Restrita;;;11700;1170000,00;11700;jul;29/07/2021;28/12/2021;2021
54792;4-Aduana;SmartTV Box;;;9200;1840000,00;9200;mai;05/05/2021;28/12/2021;2021
54794;4-Aduana;Outros;;;7920;475200,00;7920;jul;29/07/2021;28/12/2021;2021
54794;4-Aduana;SmartTV Box;;;4000;1200000,00;4000;jul;29/07/2021;28/12/2021;2021
54793;4-Aduana;SmartTV Box;;;16000;3200000,00;16000;jul;29/07/2021;28/12/2021;2021
54793;4-Aduana;Carregadores de Baterias;;;45000;900000,00;45000;jul;29/07/2021;28/12/2021;2021
71441;4-Aduana;SmartTV Box;;;2000;400000,00;2000;jul;14/07/2021;28/12/2021;2021
73522;4-Aduana;Celulares;;;189;198000,00;189;ago;13/08/2021;28/12/2021;2021
71447;4-Aduana;SmartTV Box;;;14604;2920000,00;14604;jul;14/07/2021;28/12/2021;2021
76793;4-Aduana;SmartTV Box;;;78;25604,00;78;nov;30/11/2021;28/12/2021;2021
71447;4-Aduana;SmartTV Box;;;8960;1792000,00;8960;jul;14/07/2021;28/12/2021;2021
41526;4-Aduana;SmartTV Box;;;32000;9600000,00;32000;ago;05/08/2021;28/12/2021;2021
49965;4-Aduana;Outros;;50;;193150,00;50;fev;25/02/2021;28/12/2021;2021
54793;4-Aduana;Outros;;;12840;256800,00;12840;jul;29/07/2021;28/12/2021;2021
52124;4-Aduana;Outros;;;8;31500,00;8;abr;27/04/2021;28/12/2021;2021
49965;4-Aduana;SmartTV Box;;;1;400,00;1;fev;25/02/2021;28/12/2021;2021
71447;4-Aduana;SmartTV Box;;;1200;240000,00;1200;jul;14/07/2021;28/12/2021;2021
51327;4-Aduana;Bloqueador de sinal (Jammer);;;2;7000,00;2;mar;25/03/2021;28/12/2021;2021
54842;4-Aduana;Outros;;7;;31900,00;7;jun;08/06/2021;28/12/2021;2021
41695;4-Aduana;SmartTV Box;;;12000;3600000,00;12000;fev;24/02/2021;28/12/2021;2021
41039;1-Comércio;SmartTV Box;;400;;120000,00;400;set;16/09/2020;28/12/2021;2020
51327;4-Aduana;Equipamento de Rede de Dados;;;1;3900,00;1;mar;25/03/2021;28/12/2021;2021
74569;4-Aduana;Outros;;;4;4640,00;4;set;30/09/2021;28/12/2021;2021
54842;4-Aduana;SmartTV Box;;3;;815,00;3;jun;08/06/2021;28/12/2021;2021
41460;4-Aduana;SmartTV Box;;;11600;3480000,00;11600;fev;16/02/2021;28/12/2021;2021
54842;4-Aduana;Equipamento de Rede de Dados;;2;;9000,00;2;jun;08/06/2021;28/12/2021;2021
74569;4-Aduana;SmartTV Box;;;69;14198,00;69;set;30/09/2021;28/12/2021;2021
51327;4-Aduana;SmartTV Box;;;6;5000,00;6;mar;25/03/2021;28/12/2021;2021
71454;4-Aduana;SmartTV Box;;;7000;1400000,00;7000;jul;14/07/2021;28/12/2021;2021
71447;4-Aduana;SmartTV Box;;;840;168000,00;840;jul;14/07/2021;28/12/2021;2021
71441;4-Aduana;SmartTV Box;;;14000;2800000,00;14000;jul;14/07/2021;28/12/2021;2021
71441;4-Aduana;SmartTV Box;;;4000;800000,00;4000;jul;14/07/2021;28/12/2021;2021
51327;4-Aduana;Outros;;;32;77800,00;32;mar;25/03/2021;28/12/2021;2021
78213;;Equipamento de Radiação Restrita;;;5500;1083000,00;5500;dez;15/12/2021;28/12/2021;2021
78213;;Carregadores de Baterias;;;12500;250000,00;12500;dez;15/12/2021;28/12/2021;2021
73984;4-Aduana;Equipamento de Radiação Restrita;;;10880;100473,45;10880;out;26/10/2021;28/12/2021;2021
55806;4-Aduana;Carregadores de Baterias;;;120000;114480,00;120000;mai;13/05/2021;28/12/2021;2021
55000;4-Aduana;Equipamento de Radiação Restrita;;;1470;29009,88;1470;jun;30/06/2021;28/12/2021;2021
73267;4-Aduana;Equipamento de Radiação Restrita;;;3092;540944,00;3092;out;28/10/2021;28/12/2021;2021
54910;4-Aduana;SmartTV Box;;;200;3850,00;200;mai;04/05/2021;28/12/2021;2021
55005;4-Aduana;Equipamento de Radiação Restrita;;;904;46962,71;904;jul;01/07/2021;28/12/2021;2021
42820;;Equipamento de Radiação Restrita;2;;;;2;nov;15/11/2020;28/12/2021;2020
73581;4-Aduana;Equipamento de Radiação Restrita;;;4054;184301,00;4054;out;07/10/2021;28/12/2021;2021
43012;4-Aduana;SmartTV Box;;2500;;;2500;dez;08/12/2020;28/12/2021;2020
73954;4-Aduana;SmartTV Box;0;0;1000;252000,00;1000;out;21/10/2021;28/12/2021;2021
73581;4-Aduana;Carregadores de Baterias;;;32500;468550,00;32500;out;07/10/2021;28/12/2021;2021
55002;4-Aduana;Equipamento de Radiação Restrita;;;2500;14269,12;2500;jun;30/06/2021;28/12/2021;2021
73356;4-Aduana;Equipamento de Radiação Restrita;;;3812;98162,61;3812;out;04/10/2021;28/12/2021;2021
55003;4-Aduana;Equipamento de Radiação Restrita;;;318;4867,04;318;jul;02/07/2021;28/12/2021;2021
55004;4-Aduana;Equipamento de Radiação Restrita;;;7690;57675,00;7690;jun;30/06/2021;28/12/2021;2021
71925;4-Aduana;Equipamento de Radiação Restrita;;;15500;73237,50;15500;jul;19/07/2021;28/12/2021;2021
73984;4-Aduana;Baterias;;;28000;34125,00;28000;out;26/10/2021;28/12/2021;2021
73992;4-Aduana;Equipamento de Radiação Restrita;;;52410;1850300,00;52410;nov;05/11/2021;28/12/2021;2021
55686;1-Comércio;Equipamento de Rede de Dados;0;1425;;;1425;jul;28/07/2021;28/12/2021;2021
71921;4-Aduana;Carregadores de Baterias;;;10000;26945,73;10000;jul;14/07/2021;28/12/2021;2021
55686;1-Comércio;Outros;0;236;;;236;jul;28/07/2021;28/12/2021;2021
55686;1-Comércio;Outros;0;372;;;372;jul;28/07/2021;28/12/2021;2021
71921;4-Aduana;Equipamento de Radiação Restrita;;;26622;73236,46;26622;jul;14/07/2021;28/12/2021;2021
55686;1-Comércio;Outros;0;682;;;682;jul;28/07/2021;28/12/2021;2021
55001;4-Aduana;Equipamento de Radiação Restrita;;;7500;37704,38;7500;jun;30/06/2021;28/12/2021;2021
74536;4-Aduana;SmartTV Box;;;240;2600,00;240;set;13/09/2021;28/12/2021;2021
60675;4-Aduana;SmartTV Box;;;;77000,00;0;jun;30/06/2021;28/12/2021;2021
42013;4-Aduana;SmartTV Box;;2000;;;2000;out;01/10/2020;28/12/2021;2020
75126;4-Aduana;Cabo Óptico;;;5000;150000,00;5000;out;14/10/2021;28/12/2021;2021
42468;1-Comércio;Equipamento de Radiação Restrita;28;816;;44226,18;844;jun;09/06/2021;28/12/2021;2021
72079;4-Aduana;SmartTV Box;;;14000;280000,00;14000;ago;02/08/2021;28/12/2021;2021
75439;4-Aduana;Decodificador de sinal para SeAC;;;3000;870000,00;3000;out;14/10/2021;28/12/2021;2021
72080;4-Aduana;Cabo Metálico;;;1200;196750,00;1200;set;24/09/2021;28/12/2021;2021
73998;4-Aduana;Carregadores de Baterias;;;60000;750000,00;60000;out;21/10/2021;28/12/2021;2021
73896;4-Aduana;Equipamento de Radiação Restrita;;;1744;353144,00;1744;out;19/10/2021;28/12/2021;2021
53238;4-Aduana;Equipamento de Radiação Restrita;;;36622;112000,00;36622;mai;26/05/2021;28/12/2021;2021
73999;4-Aduana;Equipamento de Radiação Restrita;0;0;45160;133887,30;45160;out;21/10/2021;28/12/2021;2021
53234;4-Aduana;Equipamento de Radiação Restrita;;;18310;125027,46;18310;mai;13/05/2021;28/12/2021;2021
55686;1-Comércio;Outros;0;105;;;105;jul;28/07/2021;28/12/2021;2021
73921;4-Aduana;SmartTV Box;0;0;2400;696000,00;2400;out;21/10/2021;28/12/2021;2021
73663;4-Aduana;Equipamento de Radiação Restrita;;;5360;197499,20;5360;out;14/10/2021;28/12/2021;2021
53019;4-Aduana;SmartTV Box;;;8000;128500,00;8000;abr;19/04/2021;28/12/2021;2021
36995;1-Comércio;Outros;;8;;;8;ago;20/08/2020;28/12/2021;2020
37916;1-Comércio;Outros;0;6;;;6;jul;23/07/2020;28/12/2021;2020
39624;3-E-commerce;Outros;0;0;;;0;mai;14/05/2020;28/12/2021;2020
37916;1-Comércio;Outros;0;8;;;8;jul;23/07/2020;28/12/2021;2020
38481;2-Provedores de SCM;Equipamento óptico;0;0;;0,00;0;jul;22/07/2020;28/12/2021;2020
37916;1-Comércio;Outros;0;35;;;35;jul;23/07/2020;28/12/2021;2020
36995;1-Comércio;Equipamento de Radiação Restrita;;1;;;1;ago;20/08/2020;28/12/2021;2020
36995;1-Comércio;Equipamento de Radiação Restrita;;3;;;3;ago;20/08/2020;28/12/2021;2020
36995;1-Comércio;Equipamento de Radiação Restrita;;8;;;8;ago;20/08/2020;28/12/2021;2020
36995;1-Comércio;Equipamento de Radiação Restrita;;1;;;1;ago;20/08/2020;28/12/2021;2020
36995;1-Comércio;Equipamento de Radiação Restrita;;3;;;3;ago;20/08/2020;28/12/2021;2020
36995;1-Comércio;Celular e acessórios;;2;;;2;ago;20/08/2020;28/12/2021;2020
36995;1-Comércio;Equipamento de Radiação Restrita;;6;;;6;ago;20/08/2020;28/12/2021;2020
36995;1-Comércio;Equipamento de Radiação Restrita;;1;;;1;ago;20/08/2020;28/12/2021;2020
36995;1-Comércio;Equipamento de Radiação Restrita;;5;;;5;ago;20/08/2020;28/12/2021;2020
55819;1-Comércio;SmartTV Box;1;;;;1;ago;06/08/2021;28/12/2021;2021
55819;1-Comércio;SmartTV Box;20;;;;20;ago;06/08/2021;28/12/2021;2021
55819;1-Comércio;Outros;2;;;;2;ago;06/08/2021;28/12/2021;2021
55819;1-Comércio;Equipamento de Radiação Restrita;2;;;;2;ago;06/08/2021;28/12/2021;2021
38305;1-Comércio;Equipamento óptico;;10;;2707,15;10;abr;29/04/2020;28/12/2021;2020
38305;1-Comércio;Equipamento óptico;;258;;50113,85;258;abr;29/04/2020;28/12/2021;2020
38305;1-Comércio;Equipamento óptico;;57;;;57;abr;29/04/2020;28/12/2021;2020
74827;1-Comércio;Cabo Metálico;247;;;1976,00;247;set;24/09/2021;28/12/2021;2021
60171;4-Aduana;Carregadores de Baterias;;;700;38887,00;700;mai;26/05/2021;28/12/2021;2021
51617;4-Aduana;Carregadores de Baterias;3000;;;;3000;abr;06/04/2021;28/12/2021;2021
51617;4-Aduana;Equipamento de Radiação Restrita;6150;;;;6150;abr;06/04/2021;28/12/2021;2021
54552;4-Aduana;Carregadores de Baterias;;;1680;33247,20;1680;abr;29/04/2021;28/12/2021;2021
52051;4-Aduana;Carregadores de Baterias;0;0;0;0,00;0;mar;26/03/2021;28/12/2021;2021
52459;4-Aduana;Carregadores de Baterias;0;0;0;0,00;0;abr;08/04/2021;28/12/2021;2021
54552;4-Aduana;Carregadores de Baterias;;;2640;55149,60;2640;abr;29/04/2021;28/12/2021;2021
52459;4-Aduana;Carregadores de Baterias;0;0;0;0,00;0;abr;08/04/2021;28/12/2021;2021
60171;4-Aduana;Outros;;;250;31596,30;250;mai;26/05/2021;28/12/2021;2021
55758;4-Aduana;Outros;;;40;5400,00;40;mai;19/05/2021;28/12/2021;2021
55758;4-Aduana;Outros;;;30;6747,30;30;mai;19/05/2021;28/12/2021;2021
52459;4-Aduana;Carregadores de Baterias;0;0;0;0,00;0;abr;08/04/2021;28/12/2021;2021
54552;4-Aduana;Equipamento de Radiação Restrita;;;12500;199250,00;12500;abr;29/04/2021;28/12/2021;2021
55758;4-Aduana;Outros;;;30;8369,70;30;mai;19/05/2021;28/12/2021;2021
55758;4-Aduana;Equipamento de Rede de Dados;;;100;16990,00;100;mai;19/05/2021;28/12/2021;2021
54552;4-Aduana;Equipamento de Radiação Restrita;;;1600;25504,00;1600;abr;29/04/2021;28/12/2021;2021
51137;4-Aduana;Equipamento de Radiação Restrita;;;66260;95000,00;66260;mar;15/03/2021;28/12/2021;2021
54552;4-Aduana;Equipamento de Radiação Restrita;;;1620;56100,60;1620;abr;29/04/2021;28/12/2021;2021
54552;4-Aduana;Equipamento de Radiação Restrita;;;1300;31612,00;1300;abr;29/04/2021;28/12/2021;2021
51137;4-Aduana;;;;40000;19000,00;40000;mar;15/03/2021;28/12/2021;2021
54552;4-Aduana;Equipamento de Radiação Restrita;;;1008;22165,92;1008;abr;29/04/2021;28/12/2021;2021
74012;4-Aduana;Outros;;;2000;21000,00;2000;ago;31/08/2021;28/12/2021;2021
77089;4-Aduana;SmartTV Box;6000;0;6000;4616400,00;12000;nov;29/11/2021;28/12/2021;2021
77673;1-Comércio;Equipamento de Radiação Restrita;;;1144;157801,00;1144;dez;09/12/2021;28/12/2021;2021
77673;1-Comércio;Celulares;;;15;42852,00;15;dez;09/12/2021;28/12/2021;2021
76942;4-Aduana;Equipamento de Radiação Restrita;;;250;25472,50;250;nov;26/11/2021;28/12/2021;2021
52235;4-Aduana;Equipamento de Rede de Dados;2001;;;;2001;abr;15/04/2021;28/12/2021;2021
77673;1-Comércio;Carregadores de Baterias;;;565;37561,00;565;dez;09/12/2021;28/12/2021;2021
51609;4-Aduana;SmartTV Box;1280;;;;1280;abr;06/04/2021;28/12/2021;2021
52235;4-Aduana;Carregadores de Baterias;320;;;;320;abr;15/04/2021;28/12/2021;2021
51609;4-Aduana;Equipamento de Radiação Restrita;70600;;;;70600;abr;06/04/2021;28/12/2021;2021
77673;1-Comércio;SmartTV Box;;;19;10331,00;19;dez;09/12/2021;28/12/2021;2021
52357;4-Aduana;Carregadores de Baterias;0;0;1000;5680,00;1000;abr;06/04/2021;28/12/2021;2021
54552;4-Aduana;Carregadores de Baterias;;;1000;5500,00;1000;abr;29/04/2021;28/12/2021;2021
54552;4-Aduana;Carregadores de Baterias;;;2000;11000,00;2000;abr;29/04/2021;28/12/2021;2021
74012;4-Aduana;Outros;;;1260;19845,00;1260;ago;31/08/2021;28/12/2021;2021
54552;4-Aduana;Carregadores de Baterias;;;720;24537,60;720;abr;29/04/2021;28/12/2021;2021
54552;4-Aduana;Carregadores de Baterias;;;6830;75061,70;6830;abr;29/04/2021;28/12/2021;2021
74012;4-Aduana;Outros;;;5000;52500,00;5000;ago;31/08/2021;28/12/2021;2021
53319;4-Aduana;Carregadores de Baterias;;;119150;;119150;abr;30/04/2021;28/12/2021;2021
54777;4-Aduana;Carregadores de Baterias;;;190;1026,00;190;mai;07/05/2021;28/12/2021;2021
52357;4-Aduana;Carregadores de Baterias;0;0;4000;22720,00;4000;abr;06/04/2021;28/12/2021;2021
60171;4-Aduana;Equipamento de Rede de Dados;;;2160;88273,00;2160;mai;26/05/2021;28/12/2021;2021
54552;4-Aduana;Carregadores de Baterias;;;1540;16924,60;1540;abr;29/04/2021;28/12/2021;2021
52357;4-Aduana;Carregadores de Baterias;0;0;4000;22720,00;4000;abr;06/04/2021;28/12/2021;2021
52459;4-Aduana;Carregadores de Baterias;0;0;0;0,00;0;abr;08/04/2021;28/12/2021;2021
71999;4-Aduana;;;;;44642,00;0;jul;21/07/2021;28/12/2021;2021
71999;4-Aduana;Equipamento de Radiação Restrita;;;200;1092,00;200;jul;21/07/2021;28/12/2021;2021
71999;4-Aduana;Equipamento de Radiação Restrita;;;1350;14742,00;1350;jul;21/07/2021;28/12/2021;2021
74334;1-Comércio;Outros;;2;;50000,00;2;set;14/09/2021;28/12/2021;2021
74300;4-Aduana;Equipamento de Radiação Restrita;;;100;58000,00;100;set;13/09/2021;28/12/2021;2021
71999;4-Aduana;Equipamento de Radiação Restrita;;;420;5733,00;420;jul;21/07/2021;28/12/2021;2021
74300;4-Aduana;Equipamento de Radiação Restrita;;;100;49647,00;100;set;13/09/2021;28/12/2021;2021
74300;4-Aduana;Equipamento de Radiação Restrita;;;300;173565,00;300;set;13/09/2021;28/12/2021;2021
71999;4-Aduana;Equipamento de Radiação Restrita;;;1250;8875,00;1250;jul;21/07/2021;28/12/2021;2021
71999;4-Aduana;Equipamento de Radiação Restrita;;;1000;7100,00;1000;jul;21/07/2021;28/12/2021;2021
74300;4-Aduana;Equipamento de Radiação Restrita;;;300;124197,00;300;set;13/09/2021;28/12/2021;2021
71999;4-Aduana;Equipamento de Radiação Restrita;;;1000;7100,00;1000;jul;21/07/2021;28/12/2021;2021
74300;4-Aduana;Equipamento de Radiação Restrita;;;106;46786,28;106;set;13/09/2021;28/12/2021;2021
77674;1-Comércio;Equipamento de Radiação Restrita;;;94;22672,57;94;dez;09/12/2021;28/12/2021;2021
74300;4-Aduana;Equipamento de Radiação Restrita;;;2629;1443321,00;2629;set;13/09/2021;28/12/2021;2021
74300;4-Aduana;Equipamento de Radiação Restrita;;;1117;814293,00;1117;set;13/09/2021;28/12/2021;2021
77674;1-Comércio;Carregadores de Baterias;;;39;4827,73;39;dez;09/12/2021;28/12/2021;2021
77674;1-Comércio;SmartTV Box;;;2;584,00;2;dez;09/12/2021;28/12/2021;2021
74300;4-Aduana;Equipamento de Radiação Restrita;;;508;145796,00;508;set;13/09/2021;28/12/2021;2021
74300;4-Aduana;Equipamento de Radiação Restrita;;;200;79800,00;200;set;13/09/2021;28/12/2021;2021
74300;4-Aduana;Equipamento de Radiação Restrita;;;200;87644,00;200;set;13/09/2021;28/12/2021;2021
71470;4-Aduana;Equipamento de Radiação Restrita;;;24390;3038401,80;24390;jul;05/07/2021;28/12/2021;2021
75033;4-Aduana;Equipamento de Radiação Restrita;;;5000;125000,00;5000;out;14/10/2021;28/12/2021;2021
71589;4-Aduana;Equipamento de Radiação Restrita;;;1500;15090,00;1500;jun;30/06/2021;28/12/2021;2021
71562;4-Aduana;Equipamento de Radiação Restrita;;;5000;30,00;5000;jul;16/07/2021;28/12/2021;2021
44395;;SmartTV Box;;11200;;;11200;dez;20/12/2020;28/12/2021;2020
71589;4-Aduana;Equipamento de Radiação Restrita;;;1500;15090,00;1500;jun;30/06/2021;28/12/2021;2021
71417;4-Aduana;Outros;;;200;28798,00;200;jun;25/06/2021;28/12/2021;2021
60808;4-Aduana;Equipamento de Radiação Restrita;;;400;16728,00;400;jun;16/06/2021;28/12/2021;2021
74300;4-Aduana;Equipamento de Radiação Restrita;;;300;200109,00;300;set;13/09/2021;28/12/2021;2021
60808;4-Aduana;Equipamento de Radiação Restrita;;;7000;365960,00;7000;jun;16/06/2021;28/12/2021;2021
60808;4-Aduana;Carregadores de Baterias;;;9000;329400,00;9000;jun;16/06/2021;28/12/2021;2021
60808;4-Aduana;Equipamento de Radiação Restrita;;;1500;82350,00;1500;jun;16/06/2021;28/12/2021;2021
74300;4-Aduana;Equipamento de Radiação Restrita;;;200;89998,00;200;set;13/09/2021;28/12/2021;2021
71417;4-Aduana;Outros;;;200;32598,00;200;jun;25/06/2021;28/12/2021;2021
60808;4-Aduana;Equipamento de Radiação Restrita;;;750;31365,00;750;jun;16/06/2021;28/12/2021;2021
71417;4-Aduana;Outros;;;100;17349,00;100;jun;25/06/2021;28/12/2021;2021
71417;4-Aduana;Equipamento de Rede de Dados;;;1000;54900,00;1000;jun;25/06/2021;28/12/2021;2021
43888;4-Aduana;SmartTV Box;20000;;;;20000;dez;03/12/2020;28/12/2021;2020
71417;4-Aduana;Equipamento de Rede de Dados;;;500;19950,00;500;jun;25/06/2021;28/12/2021;2021
75155;4-Aduana;Equipamento óptico;;;200;70200,00;200;out;04/10/2021;28/12/2021;2021
49327;2-Provedores de SCM;Cabo Metálico;;35;;6996,50;35;abr;28/04/2021;28/12/2021;2021
54698;1-Comércio;Cabo Metálico;;172;;;172;mai;21/05/2021;28/12/2021;2021
49327;2-Provedores de SCM;Cabo Metálico;;172;;25284,00;172;abr;28/04/2021;28/12/2021;2021
39946;;Celular e acessórios;0;3;;1000,00;3;nov;13/11/2020;28/12/2021;2020
17670;2-Provedores de SCM;Outros;;1;;;1;mar;10/03/2020;28/12/2021;2020
36654;;Celular e acessórios;;7;;;7;fev;17/02/2020;28/12/2021;2020
42331;1-Comércio;Equipamento de Radiação Restrita;;;7;280000,00;7;jan;27/01/2021;28/12/2021;2021
17670;2-Provedores de SCM;Equipamento de Rede de Dados;;4;;;4;mar;10/03/2020;28/12/2021;2020
42331;1-Comércio;Equipamento de Radiação Restrita;;;3;45000,00;3;jan;27/01/2021;28/12/2021;2021
37056;;Outros;;398;;40000,00;398;mar;05/03/2020;28/12/2021;2020
49396;1-Comércio;;;;3711;63000,00;3711;mar;05/03/2021;28/12/2021;2021
42331;1-Comércio;Equipamento de Radiação Restrita;;;5;750000,00;5;jan;27/01/2021;28/12/2021;2021
49289;1-Comércio;;345;;9758;150000,00;10103;fev;17/02/2021;28/12/2021;2021
42331;1-Comércio;Equipamento de Radiação Restrita;;;1;45000,00;1;jan;27/01/2021;28/12/2021;2021
77013;1-Comércio;Carregadores de Baterias;117600;;;;117600;dez;13/12/2021;28/12/2021;2021
76734;1-Comércio;Equipamento de Radiação Restrita;6045;;;;6045;dez;02/12/2021;28/12/2021;2021
42114;4-Aduana;SmartTV Box;;52000;;;52000;set;22/09/2020;28/12/2021;2020
76734;1-Comércio;Carregadores de Baterias;9270;;;;9270;dez;02/12/2021;28/12/2021;2021
73815;;Carregadores de Baterias;10;0;0;;10;set;30/09/2021;28/12/2021;2021
55851;4-Aduana;Reforçador de sinal;;;2000;260000,00;2000;mai;18/05/2021;28/12/2021;2021
78039;4-Aduana;Bloqueador de sinal (Jammer);;;2;900,00;2;dez;22/12/2021;28/12/2021;2021
55759;4-Aduana;Equipamento de Radiação Restrita;;;46252;4928800,00;46252;mai;13/05/2021;28/12/2021;2021
55851;4-Aduana;Equipamento de Radiação Restrita;;;9000;910000,00;9000;mai;18/05/2021;28/12/2021;2021
74627;4-Aduana;Outros;;;1500;150000,00;1500;set;17/09/2021;28/12/2021;2021
60285;1-Comércio;Equipamento óptico;;550;;;550;jul;30/07/2021;28/12/2021;2021
60285;1-Comércio;Equipamento óptico;;17;;;17;jul;30/07/2021;28/12/2021;2021
60285;1-Comércio;Equipamento óptico;;260;;;260;jul;30/07/2021;28/12/2021;2021
75588;4-Aduana;Equipamento de Radiação Restrita;;;30000;1250000,00;30000;out;21/10/2021;28/12/2021;2021
60285;1-Comércio;Equipamento óptico;;10;;;10;jul;30/07/2021;28/12/2021;2021
60285;1-Comércio;Equipamento óptico;;9;;;9;jul;30/07/2021;28/12/2021;2021
60976;4-Aduana;Outros;2;;;2700,00;2;jun;30/06/2021;28/12/2021;2021
60285;1-Comércio;Equipamento óptico;;24;;;24;jul;30/07/2021;28/12/2021;2021
60285;1-Comércio;Equipamento óptico;;6;;;6;jul;30/07/2021;28/12/2021;2021
71190;1-Comércio;Equipamento óptico;;1171;;;1171;ago;02/08/2021;28/12/2021;2021
74627;4-Aduana;Cabo Óptico;;;15000;375000,00;15000;set;17/09/2021;28/12/2021;2021
74627;4-Aduana;Equipamento de Rede de Dados;;;500;50000,00;500;set;17/09/2021;28/12/2021;2021
74627;4-Aduana;Antena;;;2500;62500,00;2500;set;17/09/2021;28/12/2021;2021
75197;4-Aduana;Bloqueador de sinal (Jammer);;;4;1800,00;4;nov;17/11/2021;28/12/2021;2021
74575;4-Aduana;Equipamento de Radiação Restrita;;;1;1350,00;1;set;28/09/2021;28/12/2021;2021
71868;4-Aduana;Bloqueador de sinal (Jammer);;;9;4050,00;9;jul;27/07/2021;28/12/2021;2021
60169;4-Aduana;Carregadores de Baterias;;;300;12000,00;300;mai;25/05/2021;28/12/2021;2021
71868;4-Aduana;Outros;;;1;1350,00;1;jul;27/07/2021;28/12/2021;2021
74575;4-Aduana;Bloqueador de sinal (Jammer);;;5;2250,00;5;set;28/09/2021;28/12/2021;2021
54840;4-Aduana;Equipamento de Radiação Restrita;;;67300;4620000,00;67300;mai;05/05/2021;28/12/2021;2021
51819;4-Aduana;Equipamento de Radiação Restrita;;;219270;19534505,20;219270;dez;20/12/2021;28/12/2021;2021
51819;4-Aduana;Carregadores de Baterias;;;192458;5883470,00;192458;dez;20/12/2021;28/12/2021;2021
51819;4-Aduana;Decodificador de sinal para SeAC;;;25355;12461380,00;25355;dez;20/12/2021;28/12/2021;2021
51819;4-Aduana;Cabo Metálico;;;400;8000,00;400;dez;20/12/2021;28/12/2021;2021
51819;4-Aduana;SmartTV Box;;;134966;27053200,00;134966;dez;20/12/2021;28/12/2021;2021
73118;1-Comércio;Outros;0;1210;0;30068,50;1210;out;27/10/2021;28/12/2021;2021
51819;4-Aduana;Reforçador de sinal;;;6000;660000,00;6000;dez;20/12/2021;28/12/2021;2021
73369;4-Aduana;Carregadores de Baterias;;;55000;3025000,00;55000;ago;10/08/2021;28/12/2021;2021
73369;4-Aduana;Outros;;;4700;328500,00;4700;ago;10/08/2021;28/12/2021;2021
51819;4-Aduana;Baterias;;;2289;43445,22;2289;dez;20/12/2021;28/12/2021;2021
54990;4-Aduana;Carregadores de Baterias;;;43000;233060,00;43000;mai;10/05/2021;28/12/2021;2021
54990;4-Aduana;Baterias;;;2289;43445,22;2289;mai;10/05/2021;28/12/2021;2021
54990;4-Aduana;Equipamento de Radiação Restrita;;;2040;22134,00;2040;mai;10/05/2021;28/12/2021;2021
55703;4-Aduana;SmartTV Box;;;20000;4000000,00;20000;mai;27/05/2021;28/12/2021;2021
53332;4-Aduana;Equipamento de Radiação Restrita;;;13320;2586171,20;13320;abr;23/04/2021;28/12/2021;2021
51819;4-Aduana;Cabo Óptico;;;15000;375000,00;15000;dez;20/12/2021;28/12/2021;2021
60169;4-Aduana;SmartTV Box;;;43200;8700000,00;43200;mai;25/05/2021;28/12/2021;2021
51819;4-Aduana;Antena;;;2500;62500,00;2500;dez;20/12/2021;28/12/2021;2021
51819;4-Aduana;Outros;;;6200;478500,00;6200;dez;20/12/2021;28/12/2021;2021
60976;4-Aduana;Bloqueador de sinal (Jammer);29;;;13050,00;29;jun;30/06/2021;28/12/2021;2021
51820;4-Aduana;Equipamento de Radiação Restrita;;;48;16800,00;48;mar;22/03/2021;28/12/2021;2021
51372;4-Aduana;Decodificador de sinal para SeAC;;;5;2380,00;5;mar;16/03/2021;28/12/2021;2021
52121;4-Aduana;Decodificador de sinal para SeAC;;;5150;1854000,00;5150;abr;07/04/2021;28/12/2021;2021
75690;4-Aduana;Carregadores de Baterias;;;56700;1701000,00;56700;out;21/10/2021;28/12/2021;2021
49372;4-Aduana;SmartTV Box;;;3;600,00;3;jan;29/01/2021;28/12/2021;2021
52875;4-Aduana;Equipamento de Radiação Restrita;;;15000;2655000,00;15000;abr;14/04/2021;28/12/2021;2021
51368;4-Aduana;Equipamento de Radiação Restrita;;;530;71000,00;530;dez;10/12/2021;28/12/2021;2021
51368;4-Aduana;Carregadores de Baterias;;;408;352410,00;408;dez;10/12/2021;28/12/2021;2021
53221;4-Aduana;SmartTV Box;;;32000;6400000,00;32000;mai;06/05/2021;28/12/2021;2021
54831;4-Aduana;Bloqueador de sinal (Jammer);;;8;3600,00;8;mai;31/05/2021;28/12/2021;2021
54791;4-Aduana;Equipamento de Radiação Restrita;;;360;27300,00;360;mai;03/05/2021;28/12/2021;2021
54840;4-Aduana;Carregadores de Baterias;;;30000;525000,00;30000;mai;05/05/2021;28/12/2021;2021
54840;4-Aduana;Reforçador de sinal;;;4000;400000,00;4000;mai;05/05/2021;28/12/2021;2021
54791;4-Aduana;Carregadores de Baterias;;;1050;35000,00;1050;mai;03/05/2021;28/12/2021;2021
53221;4-Aduana;Equipamento de Radiação Restrita;;;3000;180000,00;3000;mai;06/05/2021;28/12/2021;2021
39974;3-E-commerce;SmartTV Box;0;0;;;0;out;29/10/2020;28/12/2021;2020
54470;4-Aduana;Equipamento de Radiação Restrita;;;17000;1560000,00;17000;abr;28/04/2021;28/12/2021;2021
54791;4-Aduana;Cabo Metálico;;;400;8000,00;400;mai;03/05/2021;28/12/2021;2021
51368;4-Aduana;SmartTV Box;;;39763;7952600,00;39763;dez;10/12/2021;28/12/2021;2021
77599;4-Aduana;Decodificador de sinal para SeAC;;;20200;10605000,00;20200;dez;17/12/2021;28/12/2021;2021
37259;1-Comércio;Equipamento de Radiação Restrita;0;3689;;225766,80;3689;nov;30/11/2020;28/12/2021;2020
73155;4-Aduana;Bloqueador de sinal (Jammer);;;12;5400,00;12;ago;31/08/2021;28/12/2021;2021
75690;4-Aduana;Equipamento de Radiação Restrita;;;14920;657300,00;14920;out;21/10/2021;28/12/2021;2021
77005;4-Aduana;Bloqueador de sinal (Jammer);;;4;1800,00;4;dez;01/12/2021;28/12/2021;2021
73720;1-Comércio;Equipamento de Radiação Restrita;1;1;;;2;ago;19/08/2021;28/12/2021;2021
73724;1-Comércio;Carregadores de Baterias;55;55;;;110;ago;19/08/2021;28/12/2021;2021
73726;1-Comércio;Carregadores de Baterias;29;29;;;58;ago;19/08/2021;28/12/2021;2021
73728;1-Comércio;Celulares;0;31;;;31;ago;19/08/2021;28/12/2021;2021
73722;1-Comércio;Antena;1;;;;1;set;09/09/2021;28/12/2021;2021
73722;1-Comércio;Outros;1;;;;1;set;09/09/2021;28/12/2021;2021
73722;1-Comércio;Outros;1;;;;1;set;09/09/2021;28/12/2021;2021
73731;1-Comércio;Carregadores de Baterias;100;;;;100;set;09/09/2021;28/12/2021;2021
73726;1-Comércio;Outros;7;7;;;14;ago;19/08/2021;28/12/2021;2021
73721;1-Comércio;Carregadores de Baterias;14;14;;;28;ago;19/08/2021;28/12/2021;2021
44699;1-Comércio;Equipamento de Radiação Restrita;0;;187;50,00;187;jan;25/01/2021;28/12/2021;2021
73810;1-Comércio;Equipamento de Radiação Restrita;;;185;9000,00;185;ago;23/08/2021;28/12/2021;2021
73810;1-Comércio;Outros;;;10;1000,00;10;ago;23/08/2021;28/12/2021;2021
73810;1-Comércio;Carregadores de Baterias;;;40;1000,00;40;ago;23/08/2021;28/12/2021;2021
41639;1-Comércio;Equipamento de Radiação Restrita;4;;;650,00;4;out;01/10/2020;28/12/2021;2020
44699;1-Comércio;;0;;3279;25,00;3279;jan;25/01/2021;28/12/2021;2021
